PT	1p4b	adamw_bf16_state_fp32	1	complete	918.394	279.319	587.796	42.951	17839.8	29.232	31.774	11.514	5.757
PT	1p4b	adamw_bf16_state_fp32	2	complete	692.733	197.738	444.178	42.951	23651.3	32.493	34.368	11.514	5.757
PT	1p4b	adamw_bf16_state_fp8	1	complete	925.849	283.125	581.066	49.685	17696.2	20.962	21.689	3.148	5.757
PT	1p4b	adamw_fp8gemm_state_fp32	1	complete	2825.612	1292.723	1471.785	43.096	5798.9	28.037	29.668	11.514	5.757
PT	1p4b	muon_bf16_state_fp32	1	complete	1232.160	281.214	582.226	360.818	13297.0	24.246	24.941	6.582	5.757
PT	1p4b	muon_bf16_state_fp8	1	complete	1447.172	287.461	591.034	560.948	11321.4	19.548	23.813	1.800	5.757
PT	1p4b	muon_fp8gemm_state_fp32	1	complete	3121.022	1265.011	1482.913	360.824	5249.6	20.744	22.312	6.582	5.757
PT	1p4b	soap_bf16_state_fp32	1	complete	1249.970	281.663	595.218	363.072	13107.5	56.441	60.681	38.710	5.757
PT	1p4b	soap_bf16_state_fp8	1	complete	1549.582	293.127	596.085	652.968	10573.2	48.201	53.637	30.344	5.757
PT	1p4b	soap_fp8gemm_state_fp32	1	complete	3308.545	1278.213	1629.180	360.032	4952.5	52.826	55.453	38.710	5.757
PT	257m	adamw_bf16_state_fp32	16	complete	125.330	37.615	77.696	7.872	130726.8	23.305	26.439	2.058	1.029
PT	257m	adamw_bf16_state_fp32	1	complete	458.243	161.681	286.347	7.957	35753.9	5.938	6.124	2.058	1.029
PT	257m	adamw_bf16_state_fp32	2	complete	206.164	74.205	121.775	7.856	79470.9	7.187	7.604	2.058	1.029
PT	257m	adamw_bf16_state_fp32	4	complete	147.239	45.076	92.250	7.859	111274.7	9.673	10.301	2.058	1.029
PT	257m	adamw_bf16_state_fp32	8	complete	134.788	41.188	83.630	7.911	121553.5	14.582	15.622	2.058	1.029
PT	257m	adamw_bf16_state_fp8	16	complete	127.064	37.619	77.772	9.632	128943.4	21.810	26.569	0.563	1.029
PT	257m	adamw_bf16_state_fp8	1	complete	430.445	158.231	261.080	9.480	38062.9	4.421	4.683	0.563	1.029
PT	257m	adamw_bf16_state_fp8	2	complete	208.674	75.319	121.931	9.573	78514.9	5.666	6.078	0.563	1.029
PT	257m	adamw_bf16_state_fp8	4	complete	148.593	44.908	92.235	9.580	110260.8	8.126	8.783	0.563	1.029
PT	257m	adamw_bf16_state_fp8	8	complete	136.360	41.127	83.624	9.605	120152.4	13.052	15.752	0.563	1.029
PT	257m	adamw_fp8gemm_state_fp32	16	complete	118.862	45.433	63.819	7.852	137840.4	16.586	19.799	2.058	1.029
PT	257m	adamw_fp8gemm_state_fp32	1	complete	1404.880	645.599	747.573	7.889	11662.3	5.216	5.687	2.058	1.029
PT	257m	adamw_fp8gemm_state_fp32	2	complete	722.107	330.686	379.078	7.889	22689.2	6.027	6.489	2.058	1.029
PT	257m	adamw_fp8gemm_state_fp32	4	complete	357.191	163.014	183.746	7.873	45869.1	7.704	8.370	2.058	1.029
PT	257m	adamw_fp8gemm_state_fp32	8	complete	185.604	84.296	91.269	7.847	88274.2	10.994	12.157	2.058	1.029
PT	257m	muon_bf16_state_fp32	16	complete	179.763	37.835	77.827	62.203	91142.0	22.694	26.439	1.441	1.029
PT	257m	muon_bf16_state_fp32	1	complete	472.790	153.065	252.149	63.417	34654.2	5.300	5.690	1.441	1.029
PT	257m	muon_bf16_state_fp32	2	complete	262.977	75.345	122.696	62.405	62302.0	6.568	7.189	1.441	1.029
PT	257m	muon_bf16_state_fp32	4	complete	205.608	46.076	92.851	63.510	79686.5	9.031	10.301	1.441	1.029
PT	257m	muon_bf16_state_fp32	8	complete	189.933	41.148	84.114	62.696	86262.0	13.957	15.622	1.441	1.029
PT	257m	muon_bf16_state_fp8	16	complete	265.818	37.911	77.795	148.097	61637.2	21.657	26.506	0.394	1.029
PT	257m	muon_bf16_state_fp8	1	complete	586.450	159.725	267.039	155.238	27937.8	4.962	5.968	0.394	1.029
PT	257m	muon_bf16_state_fp8	2	complete	371.486	77.089	131.943	146.272	44112.6	5.503	6.226	0.394	1.029
PT	257m	muon_bf16_state_fp8	4	complete	296.522	45.859	92.613	154.640	55253.9	7.961	9.544	0.394	1.029
PT	257m	muon_bf16_state_fp8	8	complete	273.546	41.071	83.880	146.634	59895.0	12.879	15.689	0.394	1.029
PT	257m	muon_fp8gemm_state_fp32	16	complete	175.627	46.497	64.218	62.863	93288.8	15.993	19.799	1.441	1.029
PT	257m	muon_fp8gemm_state_fp32	1	complete	1477.281	663.007	752.962	65.240	11090.6	4.886	5.585	1.441	1.029
PT	257m	muon_fp8gemm_state_fp32	2	complete	765.507	321.817	374.696	62.655	21402.8	5.416	6.073	1.441	1.029
PT	257m	muon_fp8gemm_state_fp32	4	complete	414.260	163.512	186.783	62.166	39550.1	7.102	8.370	1.441	1.029
PT	257m	muon_fp8gemm_state_fp32	8	complete	244.428	86.035	93.429	62.276	67030.9	10.412	13.806	1.441	1.029
PT	257m	soap_bf16_state_fp32	16	complete	161.642	37.824	78.061	43.809	101359.7	26.746	33.032	5.465	1.029
PT	257m	soap_bf16_state_fp32	1	complete	477.216	147.015	281.133	43.522	34332.9	9.363	9.978	5.465	1.029
PT	257m	soap_bf16_state_fp32	2	complete	285.122	80.514	158.678	43.623	57463.1	10.616	11.088	5.465	1.029
PT	257m	soap_bf16_state_fp32	4	complete	183.828	45.517	92.600	43.834	89126.9	13.092	14.307	5.465	1.029
PT	257m	soap_bf16_state_fp32	8	complete	171.524	41.451	84.192	43.859	95520.3	17.989	21.391	5.465	1.029
PT	257m	soap_bf16_state_fp8	16	complete	258.383	37.930	77.894	140.627	63409.7	25.244	29.868	3.970	1.029
PT	257m	soap_bf16_state_fp8	1	complete	583.973	150.617	290.589	139.709	28056.1	8.940	10.131	3.970	1.029
PT	257m	soap_bf16_state_fp8	2	complete	374.068	80.483	148.443	141.388	43799.6	9.089	10.421	3.970	1.029
PT	257m	soap_bf16_state_fp8	4	complete	277.629	45.384	92.331	138.323	59014.1	11.538	12.908	3.970	1.029
PT	257m	soap_bf16_state_fp8	8	complete	268.760	41.084	83.760	142.130	60962.2	16.451	19.051	3.970	1.029
PT	257m	soap_fp8gemm_state_fp32	16	complete	155.575	45.991	64.055	43.475	105312.8	20.005	23.096	5.465	1.029
PT	257m	soap_fp8gemm_state_fp32	1	complete	1479.379	651.732	781.438	43.660	11075.0	8.887	9.488	5.465	1.029
PT	257m	soap_fp8gemm_state_fp32	2	complete	765.145	326.629	389.440	43.764	21413.2	9.452	10.375	5.465	1.029
PT	257m	soap_fp8gemm_state_fp32	4	complete	404.546	165.440	192.962	43.547	40499.8	11.121	12.256	5.465	1.029
PT	257m	soap_fp8gemm_state_fp32	8	complete	231.009	85.563	97.503	43.814	70923.9	14.428	16.278	5.465	1.029
PT	3p5b	adamw_bf16_state_fp32	1	complete	1746.256	473.287	1150.841	103.588	9382.4	68.437	79.534	27.841	13.921
PT	3p5b	adamw_bf16_state_fp8	1	complete	1772.584	476.964	1159.297	118.449	9243.0	47.708	50.212	7.613	13.921
PT	3p5b	adamw_fp8gemm_state_fp32	1	complete	4615.313	2058.773	2420.399	103.932	3549.9	68.438	71.538	27.841	13.921
PT	500m	adamw_bf16_state_fp32	16	complete	228.673	66.811	143.489	14.991	71648.0	36.669	41.259	3.956	1.978
PT	500m	adamw_bf16_state_fp32	1	complete	592.633	207.219	368.064	15.000	27646.1	10.790	11.425	3.956	1.978
PT	500m	adamw_bf16_state_fp32	2	complete	336.347	112.929	205.235	15.013	48713.0	12.661	13.808	3.956	1.978
PT	500m	adamw_bf16_state_fp32	4	complete	262.705	79.091	165.416	14.982	62366.6	16.366	17.952	3.956	1.978
PT	500m	adamw_bf16_state_fp32	8	complete	246.396	72.313	155.682	14.994	66494.7	23.787	25.472	3.956	1.978
PT	500m	adamw_bf16_state_fp8	16	complete	231.914	66.961	143.629	17.777	70646.9	33.817	38.032	1.082	1.978
PT	500m	adamw_bf16_state_fp8	1	complete	600.692	211.328	366.744	17.754	27275.2	7.974	8.504	1.082	1.978
PT	500m	adamw_bf16_state_fp8	2	complete	334.959	110.208	203.075	17.771	48913.5	9.864	10.496	1.082	1.978
PT	500m	adamw_bf16_state_fp8	4	complete	267.271	79.959	165.931	17.794	61301.0	13.536	15.133	1.082	1.978
PT	500m	adamw_bf16_state_fp8	8	complete	249.443	72.482	155.746	17.840	65682.2	20.980	22.244	1.082	1.978
PT	500m	adamw_fp8gemm_state_fp32	16	complete	199.451	66.241	114.907	15.048	82145.7	23.867	28.582	3.956	1.978
PT	500m	adamw_fp8gemm_state_fp32	1	complete	2033.980	938.434	1073.865	15.042	8055.1	9.534	10.412	3.956	1.978
PT	500m	adamw_fp8gemm_state_fp32	2	complete	1067.120	483.351	565.754	15.090	15353.5	10.436	11.341	3.956	1.978
PT	500m	adamw_fp8gemm_state_fp32	8	complete	283.545	125.508	138.759	15.083	57783.0	17.000	18.692	3.956	1.978
PT	500m	muon_bf16_state_fp32	16	complete	335.427	67.764	143.942	120.468	48845.2	35.215	41.259	2.493	1.978
PT	500m	muon_bf16_state_fp32	1	complete	701.851	210.422	366.705	121.227	23344.0	9.297	9.659	2.493	1.978
PT	500m	muon_bf16_state_fp32	2	complete	443.225	115.996	201.414	122.063	36965.5	11.189	12.233	2.493	1.978
PT	500m	muon_bf16_state_fp32	4	complete	372.986	80.760	167.545	121.370	43926.5	14.901	16.301	2.493	1.978
PT	500m	muon_bf16_state_fp32	8	complete	354.443	73.212	156.675	121.329	46224.7	22.312	25.472	2.493	1.978
PT	500m	muon_bf16_state_fp8	16	complete	436.237	68.079	144.294	220.714	37557.6	33.465	38.000	0.682	1.978
PT	500m	muon_bf16_state_fp8	1	complete	834.858	225.819	384.815	221.793	19625.0	7.790	9.955	0.682	1.978
PT	500m	muon_bf16_state_fp8	2	complete	539.796	112.002	203.088	221.175	30352.2	9.469	11.702	0.682	1.978
PT	500m	muon_bf16_state_fp8	4	complete	473.557	81.034	167.573	221.593	34597.7	13.125	14.277	0.682	1.978
PT	500m	muon_bf16_state_fp8	8	complete	450.193	72.780	155.808	218.380	36393.3	20.587	23.861	0.682	1.978
PT	500m	muon_fp8gemm_state_fp32	16	complete	305.243	66.965	115.057	120.082	53675.2	22.407	28.582	2.493	1.978
PT	500m	muon_fp8gemm_state_fp32	1	complete	2182.564	949.363	1100.416	120.484	7506.8	8.153	9.175	2.493	1.978
PT	500m	muon_fp8gemm_state_fp32	2	complete	1244.484	531.791	575.974	121.617	13166.0	8.952	9.752	2.493	1.978
PT	500m	muon_fp8gemm_state_fp32	4	complete	647.256	243.180	280.482	120.038	25313.0	11.149	12.973	2.493	1.978
PT	500m	muon_fp8gemm_state_fp32	8	complete	389.584	126.092	140.237	120.337	42055.2	15.542	18.692	2.493	1.978
PT	500m	soap_bf16_state_fp32	16	complete	315.837	67.206	143.617	101.705	51874.9	44.919	51.489	12.127	1.978
PT	500m	soap_bf16_state_fp32	1	complete	797.153	231.362	460.559	101.939	20553.1	18.939	20.888	12.127	1.978
PT	500m	soap_bf16_state_fp32	2	complete	440.087	115.453	219.453	102.520	37229.1	20.836	22.653	12.127	1.978
PT	500m	soap_bf16_state_fp32	4	complete	353.429	80.536	167.447	102.176	46357.2	24.557	27.125	12.127	1.978
PT	500m	soap_bf16_state_fp32	8	complete	333.000	72.386	155.697	101.690	49201.2	32.022	34.666	12.127	1.978
PT	500m	soap_bf16_state_fp8	16	complete	450.629	67.749	144.051	235.372	36358.1	42.041	46.429	9.252	1.978
PT	500m	soap_bf16_state_fp8	1	complete	886.107	215.653	430.228	236.648	18489.9	16.896	19.623	9.252	1.978
PT	500m	soap_bf16_state_fp8	2	complete	558.720	110.585	212.556	232.481	29324.2	18.079	21.492	9.252	1.978
PT	500m	soap_bf16_state_fp8	4	complete	490.536	80.962	167.625	238.900	33400.2	21.763	23.698	9.252	1.978
PT	500m	soap_bf16_state_fp8	8	complete	465.422	72.569	155.778	233.692	35202.5	29.247	30.535	9.252	1.978
PT	500m	soap_fp8gemm_state_fp32	16	complete	287.556	66.948	115.054	102.455	56976.8	32.086	37.881	12.127	1.978
PT	500m	soap_fp8gemm_state_fp32	1	complete	2238.716	958.086	1153.071	101.838	7318.5	17.761	18.725	12.127	1.978
PT	500m	soap_fp8gemm_state_fp32	2	complete	1189.535	486.725	592.519	101.753	13773.6	18.593	20.986	12.127	1.978
PT	500m	soap_fp8gemm_state_fp32	4	complete	635.457	241.333	287.160	102.322	25783.0	20.796	22.557	12.127	1.978
PT	500m	soap_fp8gemm_state_fp32	8	complete	378.196	126.537	146.125	101.806	43321.6	25.190	27.710	12.127	1.978
PT	6p9b	adamw_bf16_state_fp32	1	oom									
PT	6p9b	adamw_fp8gemm_state_fp32	1	oom									
PT	model	variant	microbatch	status	median_ms	forward_ms	backward_ms	optimizer_ms	tokens_per_second	peak_gb	reserved_gb	state_gb	params_gb
